{
  "setup": "label-permutation per client (conflicting label maps)",
  "rounds": 8,
  "num_clients": 5,
  "fedavg_per_client_mean": 0.3015,
  "fedper_per_client_mean": 0.9707000000000001,
  "delta": 0.6692000000000001,
  "mechanism_proven": true,
  "phase7_gate_3pp_pass": true,
  "fedavg_each": [
    0.3725,
    0.129,
    0.318,
    0.3225,
    0.3655
  ],
  "fedper_each": [
    0.966,
    0.9655,
    0.965,
    0.9805,
    0.9765
  ],
  "fedavg_history": [
    0.25670000000000004,
    0.2841,
    0.28769999999999996,
    0.2942,
    0.3077,
    0.30439999999999995,
    0.30890000000000006,
    0.3015
  ],
  "fedper_history": [
    0.3949,
    0.6376,
    0.8224,
    0.9057000000000001,
    0.9408000000000001,
    0.9583,
    0.9632,
    0.9707000000000001
  ]
}