{
  "rounds": 30,
  "num_clients": 10,
  "f": 2,
  "seed": 0,
  "baseline_fedavg_final": 0.9914,
  "under_attack": {
    "fedavg": {
      "final": 0.098,
      "best": 0.098,
      "drop_vs_baseline": 0.8934
    },
    "median": {
      "final": 0.989,
      "best": 0.9891,
      "drop_vs_baseline": 0.0023999999999999577
    },
    "krum": {
      "final": 0.9827,
      "best": 0.9827,
      "drop_vs_baseline": 0.00869999999999993
    },
    "multikrum": {
      "final": 0.9911,
      "best": 0.9911,
      "drop_vs_baseline": 0.00029999999999996696
    },
    "trimmed": {
      "final": 0.9888,
      "best": 0.9892,
      "drop_vs_baseline": 0.0025999999999999357
    },
    "bulyan": {
      "final": 0.989,
      "best": 0.9892,
      "drop_vs_baseline": 0.0023999999999999577
    }
  },
  "median_within_5pp": true,
  "krum_within_5pp": true,
  "fedavg_degrades_20pp": true,
  "gate_pass": true,
  "wall_seconds": 2280.2962148189545
}