{
  "mse_no_dp": 8.33187277748948e-06,
  "mse_dp": 76696456.0,
  "final_match_loss_no_dp": 3.454002239777765e-07,
  "final_match_loss_dp": 9819.5361328125,
  "leak_demonstrated": true
}