{
  "true_sum": [
    -0.5,
    2.0,
    6.0,
    7.0
  ],
  "recovered": [
    -0.5,
    2.0,
    6.0,
    7.0
  ],
  "l2_error": 0.0,
  "peer_sums": [
    [
      -0.2527656853199005,
      -1.9714927673339844,
      1.7224618196487427,
      1.8359225988388062
    ],
    [
      1.1512393951416016,
      -1.504033088684082,
      1.004188060760498,
      0.4818052649497986
    ],
    [
      -1.3984737396240234,
      5.475525856018066,
      3.273350238800049,
      4.682271957397461
    ]
  ],
  "acceptance_passes": true
}